Longitud de onda (nm),Intensidad
-398.0146563877,0.6041666666666666
-396.1197410397,0.7916666666666666
-394.2262152143,0.7777777777777778
-392.3340789115,0.7430555555555556
-390.4433321313,0.6180555555555556
-388.5539748737,0.6527777777777778
-386.66600713869997,0.5486111111111112
-384.7794289263,0.5347222222222222
-382.89424023649997,0.5625
-381.0104410693,0.7152777777777778
-379.1280314247,0.7083333333333334
-377.2470113027,0.6180555555555556
-375.3673807033,0.5486111111111112
-373.4891396265,0.5486111111111112
-371.6122880723,0.5555555555555556
-369.73682604069995,0.5486111111111112
-367.8627535317,0.5555555555555556
-365.9900705453,0.625
-364.11877708149996,0.5763888888888888
-362.24887314029996,0.6875
-360.38035872169996,0.5833333333333334
-358.51323382569996,0.5486111111111112
-356.6474984523,0.5902777777777778
-354.7831526015,0.5763888888888888
-352.92019627329995,0.5208333333333334
-351.0586294677,0.5
-349.1984521847,0.4236111111111111
-347.3396644243,0.375
-345.48226618649994,0.3333333333333333
-343.6262574713,0.3263888888888889
-341.7716382787,0.4444444444444444
-339.91840860869996,0.4861111111111111
-338.0665684613,0.4583333333333333
-336.21611783649996,0.4861111111111111
-334.3670567343,0.4791666666666667
-332.5193851547,0.5763888888888888
-330.6731030977,0.4930555555555556
-328.8282105633,0.5902777777777778
-326.9847075515,0.4791666666666667
-325.14259406229996,0.4305555555555556
-323.3018700957,0.4861111111111111
-321.46253565169997,0.4375
-319.6245907303,0.4513888888888889
-317.78803533149994,0.5069444444444444
-315.95286945529995,0.5416666666666666
-314.11909310169995,0.625
-312.2867062707,0.5902777777777778
-310.4557089623,0.5763888888888888
-308.62610117649996,0.5763888888888888
-306.7978829133,0.5625
-304.97105417269995,0.5208333333333334
-303.14561495469997,0.4305555555555556
-301.3215652593,0.4027777777777778
-299.4989050865,0.4652777777777778
-297.67763443629997,0.4236111111111111
-295.8577533087,0.3194444444444444
-294.0392617037,0.4027777777777778
-292.22215962129997,0.5138888888888888
-290.4064470615,0.4722222222222222
-288.5921240243,0.3541666666666667
-286.7791905097,0.4305555555555556
-284.96764651769996,0.4861111111111111
-283.15749204829996,0.4236111111111111
-281.3487271015,0.4652777777777778
-279.5413516773,0.5625
-277.73536577569996,0.6805555555555556
-275.9307693967,0.7430555555555556
-274.1275625403,0.6736111111111112
-272.32574520649996,0.6736111111111112
-270.52531739529996,0.6527777777777778
-268.72627910669996,0.5902777777777778
-266.9286303407,0.5625
-265.13237109729994,0.5347222222222222
-263.3375013765,0.6319444444444444
-261.5440211783,0.5416666666666666
-259.7519305027,0.4652777777777778
-257.9612293497,0.5069444444444444
-256.1719177192999,0.5763888888888888
-254.38399561149998,0.6388888888888888
-252.59746302629998,0.5625
-250.81231996369996,0.5555555555555556
-249.0285664237,0.4791666666666667
-247.24620240629997,0.4930555555555556
-245.46522791149997,0.5694444444444444
-243.68564293929998,0.6111111111111112
-241.9074474897,0.5486111111111112
-240.13064156269996,0.5555555555555556
-238.3552251583,0.5833333333333334
-236.58119827649998,0.5972222222222222
-234.80856091729999,0.6875
-233.03731308069996,0.7152777777777778
-231.26745476669998,0.6527777777777778
-229.49898597529997,0.5555555555555556
-227.73190670649996,0.5555555555555556
-225.9662169603,0.7013888888888888
-224.20191673669999,0.6875
-222.43900603569998,0.5416666666666666
-220.6774848573,0.5277777777777778
-218.9173532015,0.4027777777777778
-217.15861106829996,0.5277777777777778
-215.40125845769995,0.5416666666666666
-213.6452953697,0.5902777777777778
-211.89072180429997,0.5069444444444444
-210.13753776149997,0.4930555555555556
-208.3857432413,0.4027777777777778
-206.63533824369998,0.5069444444444444
-204.88632276869996,0.625
-203.13869681629998,0.6319444444444444
-201.39246038649998,0.6041666666666666
-199.64761347929996,0.5277777777777778
-197.9041560947,0.5694444444444444
-196.16208823269997,0.5694444444444444
-194.42140989329997,0.6111111111111112
-192.68212107649995,0.5972222222222222
-190.9442217823,0.6388888888888888
-189.20771201069996,0.6805555555555556
-187.47259176169996,0.6736111111111112
-185.73886103529998,0.6597222222222222
-184.0065198315,0.6736111111111112
-182.27556815029996,0.6875
-180.54600599169999,0.5694444444444444
-178.81783335569997,0.6666666666666666
-177.09105024229999,0.5833333333333334
-175.36565665149996,0.4722222222222222
-173.6416525833,0.4791666666666667
-171.91903803769998,0.5555555555555556
-170.19781301469996,0.5208333333333334
-168.4779775143,0.5833333333333334
-166.7595315365,0.5902777777777778
-165.04247508129998,0.5
-163.3268081487,0.4791666666666667
-161.61253073869997,0.4444444444444444
-159.89964285129997,0.5208333333333334
-158.1881444865,0.5
-156.47803564429998,0.5625
-154.7693163247,0.625
-153.0619865277,0.5277777777777778
-151.35604625329995,0.5138888888888888
-149.65149550149997,0.4652777777777778
-147.9483342723,0.5069444444444444
-146.24656256569995,0.4583333333333333
-144.54618038169997,0.5277777777777778
-142.84718772029998,0.5763888888888888
-141.14958458149994,0.5069444444444444
-139.4533709653,0.4513888888888889
-137.7585468717,0.5763888888888888
-136.06511230069998,0.6388888888888888
-134.37306725229996,0.4722222222222222
-132.6824117265,0.4930555555555556
-130.99314572329996,0.5555555555555556
-129.30526924269998,0.4861111111111111
-127.61878228469999,0.4791666666666667
-125.9336848493,0.3888888888888889
-124.24997693649999,0.4305555555555556
-122.56765854629992,0.4444444444444444
-120.88672967869996,0.4097222222222222
-119.2071903337,0.4166666666666667
-117.52904051129997,0.3958333333333333
-115.85228021149999,0.4652777777777778
-114.1769094343,0.5138888888888888
-112.50292817969995,0.5
-110.83033644769995,0.625
-109.1591342383,0.6041666666666666
-107.48932155149998,0.4930555555555556
-105.82089838729996,0.5902777777777778
-104.15386474569999,0.625
-102.48822062669996,0.6666666666666666
-100.82396603029997,0.5972222222222222
-99.16110095649998,0.5486111111111112
-97.49962540529998,0.5833333333333334
-95.83953937669997,0.6597222222222222
-94.18084287070002,0.6666666666666666
-92.52353588729994,0.7013888888888888
-90.86761842649997,0.6041666666666666
-89.2130904883,0.6180555555555556
-87.55995207269996,0.6666666666666666
-85.90820317969997,0.6527777777777778
-84.25784380929997,0.7291666666666666
-82.60887396149997,0.7013888888888888
-80.96129363630001,0.6805555555555556
-79.31510283369994,0.7291666666666666
-77.67030155369997,0.7013888888888888
-76.0268897963,0.7361111111111112
-74.38486756149996,0.6875
-72.74423484929997,0.6666666666666666
-71.10499165969998,0.6458333333333334
-69.46713799269997,0.6805555555555556
-67.83067384829997,0.7638888888888888
-66.19559922650001,0.7430555555555556
-64.56191412729999,0.7847222222222222
-62.92961855070001,0.7361111111111112
-61.29871249669998,0.6944444444444444
-59.66919596529999,0.7083333333333334
-58.0410689565,0.6875
-56.4143314703,0.7569444444444444
-54.78898350669999,0.6041666666666666
-53.16502506569998,0.5416666666666666
-51.542456147300015,0.4583333333333333
-49.92127675149999,0.5625
-48.30148687830001,0.5069444444444444
-46.68308652769997,0.4583333333333333
-45.06607569969998,0.3402777777777778
-43.45045439429998,0.4375
-41.83622261149998,0.4444444444444444
-40.223380351299966,0.3680555555555556
-38.611927613700004,0.4166666666666667
-37.00186439869998,0.3125
-35.393190706300004,0.4513888888888889
-33.78590653650002,0.4444444444444444
-32.180011889299976,0.4652777777777778
-30.57550676469998,0.4305555555555556
-28.972391162699978,0.4583333333333333
-27.37066508329997,0.4305555555555556
-25.77032852650001,0.5069444444444444
-24.171381492299986,0.5
-22.573823980699956,0.5555555555555556
-20.977655991699976,0.4930555555555556
-19.38287752529999,0.4236111111111111
-17.78948858149994,0.2916666666666667
-16.197489160299995,0.3194444444444444
-14.606879261699987,0.3819444444444444
-13.017658885699973,0.4652777777777778
-11.429828032300009,0.4722222222222222
-9.843386701499924,0.5
-8.258334893299946,0.4236111111111111
-6.674672607700018,0.3472222222222222
-5.092399844699969,0.375
-3.5115166042999704,0.4166666666666667
-1.9320228865000217,0.4236111111111111
-0.35391869129995257,0.3541666666666667
1.2227959813000098,0.3958333333333333
2.798121131299979,0.3958333333333333
4.372056758700012,0.4236111111111111
5.944602863499995,0.4930555555555556
7.5157594456999846,0.4722222222222222
9.085526505300038,0.3958333333333333
10.653904042299985,0.4097222222222222
12.220892056699995,0.4305555555555556
13.786490548500012,0.4097222222222222
15.350699517700036,0.2708333333333333
16.91351896430001,0.3263888888888889
18.474948888300048,0.3958333333333333
20.034989289700036,0.5
21.593640168499974,0.4513888888888889
23.150901524700032,0.4097222222222222
24.706773358299984,0.4930555555555556
26.261255669300056,0.5
27.81434845770002,0.5486111111111112
29.366051723499993,0.5069444444444444
30.91636546670003,0.5277777777777778
32.465289687300015,0.375
34.01282438530001,0.4652777777777778
35.55896956070006,0.4513888888888889
37.10372521350001,0.4722222222222222
38.64709134369997,0.4027777777777778
40.189067951300046,0.3125
41.72965503630002,0.375
43.26885259869999,0.3611111111111111
44.806660638500034,0.375
46.343079155700025,0.2638888888888889
47.878108150299965,0.2777777777777778
49.41174762230003,0.3055555555555556
50.94399757169998,0.3680555555555556
52.4748579985,0.375
54.004328902700024,0.3472222222222222
55.5324102843,0.3333333333333333
57.05910214329998,0.3541666666666667
58.58440447970003,0.3958333333333333
60.10831729350002,0.3611111111111111
61.630840584700024,0.3958333333333333
63.151974353300034,0.4027777777777778
64.67171859930005,0.3125
66.19007332269996,0.3472222222222222
67.70703852349999,0.4305555555555556
69.22261420170008,0.4097222222222222
70.73680035729996,0.3472222222222222
72.2495969903,0.3819444444444444
73.76100410070006,0.3263888888888889
75.27102168849996,0.4236111111111111
76.77964975370003,0.5625
78.28688829630005,0.5
79.79273731629996,0.375
81.2971968137,0.2986111111111111
82.80026678850004,0.2986111111111111
84.30194724069997,0.3055555555555556
85.80223817030003,0.3958333333333333
87.30113957730003,0.25
88.79865146169999,0.16666666666666666
90.29477382350001,0.24305555555555555
91.78950666270003,0.4236111111111111
93.28284997929995,0.4097222222222222
94.7748037733,0.2013888888888889
96.26536804470004,0.2361111111111111
97.75454279349998,0.2152777777777778
99.24232801969998,0.2916666666666667
100.72872372330005,0.3402777777777778
102.21372990429995,0.3402777777777778
103.69734656269998,0.2708333333333333
105.17957369850006,0.2569444444444444
106.66041131169999,0.25
108.13985940229998,0.19444444444444445
109.61791797030003,0.2222222222222222
111.09458701569997,0.22916666666666666
112.56986653849998,0.18055555555555555
114.04375653870005,0.2361111111111111
115.51625701630013,0.2708333333333333
116.98736797129999,0.3680555555555556
118.45708940370008,0.2847222222222222
119.92542131350007,0.2708333333333333
121.39236370069995,0.2708333333333333
122.85791656530006,0.2847222222222222
124.32207990730006,0.3055555555555556
125.78485372669996,0.22916666666666666
127.24623802349998,0.2013888888888889
128.7062327977,0.22916666666666666
130.16483804929993,0.24305555555555555
131.62205377830009,0.2361111111111111
133.07787998470002,0.2638888888888889
134.53231666849996,0.2777777777777778
135.98536382970002,0.2986111111111111
137.4370214683001,0.3194444444444444
138.88728958429994,0.2708333333333333
140.33616817770002,0.2916666666666667
141.7836572485,0.20833333333333334
143.22975679669997,0.2013888888888889
144.67446682229996,0.19444444444444445
146.11778732530007,0.3194444444444444
147.55971830569996,0.3402777777777778
149.00025976349997,0.2847222222222222
150.43941169869998,0.2708333333333333
151.8771741113,0.1875
153.31354700130004,0.18055555555555555
154.74853036870007,0.18055555555555555
156.1821242135,0.2638888888888889
157.61432853570005,0.3125
159.0451433353,0.3194444444444444
160.47456861229995,0.3333333333333333
161.90260436670002,0.3888888888888889
163.32925059849998,0.4027777777777778
164.75450730769995,0.375
166.17837449430004,0.4027777777777778
167.60085215830003,0.4305555555555556
169.0219402996999,0.4513888888888889
170.44163891850002,0.3333333333333333
171.85994801470002,0.3402777777777778
173.27686758829992,0.3055555555555556
174.69239763929994,0.3819444444444444
176.10653816770008,0.4097222222222222
177.5192891735,0.4375
178.93065065670004,0.3472222222222222
180.34062261730008,0.3125
181.74920505530002,0.2638888888888889
183.15639797069997,0.3611111111111111
184.56220136350004,0.4166666666666667
185.9666152337001,0.4236111111111111
187.36963958129996,0.3680555555555556
188.77127440630005,0.3541666666666667
190.17151970870003,0.3263888888888889
191.57037548850002,0.3680555555555556
192.9678417457,0.4097222222222222
194.36391848030001,0.3819444444444444
195.75860569230002,0.4236111111111111
197.15190338170004,0.4722222222222222
198.54381154850006,0.5
199.93433019269997,0.3263888888888889
201.3234593143,0.3819444444444444
202.71119891330005,0.4375
204.0975489897,0.3958333333333333
205.48250954350004,0.4444444444444444
206.8660805747001,0.5069444444444444
208.24826208329995,0.4236111111111111
209.62905406930003,0.3402777777777778
211.0084565327001,0.2986111111111111
212.38646947349997,0.3263888888888889
213.76309289170007,0.3263888888888889
215.13832678730006,0.2638888888888889
216.51217116029994,0.2361111111111111
217.88462601069995,0.125
219.25569133850007,0.11805555555555555
220.62536714369998,0.19444444444444445
221.9936534263,0.16666666666666666
223.36055018630003,0.3055555555555556
224.72605742369996,0.3194444444444444
226.0901751385,0.2222222222222222
227.45290333070005,0.25
228.8142420003,0.3125
230.17419114729995,0.2986111111111111
231.53275077170002,0.25
232.8899208735,0.2708333333333333
234.24570145269996,0.3611111111111111
235.60009250930005,0.4097222222222222
236.95309404329993,0.3055555555555556
238.30470605470003,0.3055555555555556
239.65492854350003,0.3402777777777778
241.00376150969993,0.3611111111111111
242.35120495330005,0.3333333333333333
243.69725887430008,0.2986111111111111
245.0419232727001,0.3263888888888889
246.38519814850002,0.2847222222222222
247.72708350170006,0.3333333333333333
249.0675793323,0.2847222222222222
250.40668564029994,0.3263888888888889
251.7444024257,0.3541666666666667
253.08072968850007,0.3402777777777778
254.41566742870003,0.2569444444444444
255.7492156463,0.2916666666666667
257.0813743413001,0.2569444444444444
258.41214351369996,0.3125
259.74152316350006,0.3055555555555556
261.06951329070006,0.3541666666666667
262.39611389529995,0.4097222222222222
263.72132497730007,0.4583333333333333
265.0451465367001,0.3888888888888889
266.3675785735,0.375
267.6886210877,0.3263888888888889
269.00827407930007,0.3611111111111111
270.3265375483,0.3333333333333333
271.64341149470005,0.3680555555555556
272.9588959185,0.4513888888888889
274.27299081969994,0.4652777777777778
275.5856961983,0.4583333333333333
276.8970120543001,0.5069444444444444
278.20693838769995,0.4583333333333333
279.51547519850004,0.5138888888888888
280.8226224867,0.4236111111111111
282.1283802523,0.4097222222222222
283.4327484953,0.3680555555555556
284.7357272157,0.5416666666666666
286.0373164134999,0.5763888888888888
287.33751608870006,0.5486111111111112
288.6363262413001,0.4861111111111111
289.9337468713,0.4652777777777778
291.22977797869993,0.5416666666666666
292.5244195635,0.6319444444444444
293.8176716256999,0.5902777777777778
295.1095341653,0.4930555555555556
296.40000718230004,0.4722222222222222
297.6890906767,0.4305555555555556
298.9767846485,0.4861111111111111
300.26308909770006,0.4652777777777778
301.5480040242999,0.3888888888888889
302.83152942830003,0.3680555555555556
304.1136653097,0.2638888888888889
305.3944116685,0.22916666666666666
306.67376850470004,0.2013888888888889
307.95173581830005,0.3055555555555556
309.2283136093001,0.4166666666666667
310.5035018777,0.3402777777777778
311.7773006235,0.24305555555555555
313.04970984670007,0.25
314.3207295473,0.2986111111111111
315.59035972530006,0.4305555555555556
316.8586003807001,0.3819444444444444
318.12545151349997,0.4375
319.39091312370005,0.3055555555555556
320.6549852113,0.3125
321.9176677763,0.3541666666666667
323.1789608187,0.3680555555555556
324.4388643385001,0.2847222222222222
325.69737833569997,0.2986111111111111
326.95450281029997,0.2708333333333333
328.2102377623,0.2777777777777778
329.4645831917,0.1527777777777778
330.7175390985,0.2708333333333333
331.96910548270006,0.2777777777777778
333.2192823443,0.3194444444444444
334.46806968330003,0.3055555555555556
335.7154674997001,0.2569444444444444
336.96147579350003,0.2222222222222222
338.2060945647,0.2638888888888889
339.44932381330005,0.3611111111111111
340.6911635393,0.2847222222222222
341.9316137427,0.2916666666666667
343.1706744235,0.3680555555555556
344.40834558169996,0.4583333333333333
345.64462721729996,0.4375
346.87951933030007,0.4097222222222222
348.11302192069996,0.4305555555555556
349.3451349885,0.3333333333333333
350.5758585337,0.2569444444444444
351.8051925562999,0.3333333333333333
353.03313705630006,0.2986111111111111
354.2596920337,0.4097222222222222
355.4848574884999,0.2708333333333333
356.7086334207,0.3194444444444444
357.93101983030004,0.3333333333333333
359.1520167173,0.3541666666666667
360.37162408169996,0.2152777777777778
361.58984192350005,0.16666666666666666
362.8066702427,0.1388888888888889
364.0221090393,0.1527777777777778
365.2361583133,0.18055555555555555
366.4488180647001,0.20833333333333334
367.6600882935,0.3402777777777778
368.8699689997,0.4027777777777778
370.0784601833,0.4097222222222222
371.28556184429993,0.3055555555555556
372.49127398269997,0.4166666666666667
373.6955965985,0.4166666666666667
374.89852969170005,0.2986111111111111
376.1000732623,0.375
377.30022731030004,0.3888888888888889
378.4989918357,0.4097222222222222
379.69636683850007,0.3541666666666667
380.89235231870003,0.3819444444444444
382.0869482763,0.4444444444444444
383.2801547113,0.4791666666666667
384.4719716237001,0.4027777777777778
385.66239901349996,0.3333333333333333
386.85143688069996,0.3055555555555556
388.0390852253001,0.4097222222222222
389.2253440473,0.2986111111111111
390.4102133467,0.3194444444444444
391.59369312350003,0.3333333333333333
392.77578337769995,0.5763888888888888
393.9564841093,0.5972222222222222
395.13579531830004,0.5
396.3137170047,0.5138888888888888
397.49024916849993,0.5
398.6653918097,0.5763888888888888
399.83914492829996,0.5277777777777778
401.01150852430004,0.5833333333333334
402.1824825977,0.5555555555555556
403.3520671485,0.5069444444444444
404.5202621767,0.6388888888888888
405.6870676823,0.5972222222222222
406.8524836653,0.6597222222222222
408.0165101257,0.6388888888888888
409.1791470635,0.5625
410.3403944786999,0.5486111111111112
411.50025237129995,0.5694444444444444
412.6587207413,0.6597222222222222
413.8157995886999,0.6736111111111112
414.97148891349997,0.6111111111111112
416.1257887157,0.5416666666666666
417.2786989953,0.5486111111111112
418.43021975229993,0.5138888888888888
419.5803509867,0.5972222222222222
420.7290926985001,0.6666666666666666
421.87644488769996,0.6180555555555556
423.02240755430006,0.6805555555555556
424.16698069829994,0.6388888888888888
425.31016431970005,0.6388888888888888
426.45195841850006,0.6458333333333334
427.59236299469995,0.5833333333333334
428.7313780483001,0.5625
429.8690035793,0.5763888888888888
431.0052395876999,0.6180555555555556
432.1400860735001,0.6180555555555556
433.2735430367,0.6944444444444444
434.40561047729994,0.7291666666666666
435.5362883953001,0.6180555555555556
436.66557679069996,0.5972222222222222
437.7934756634999,0.6319444444444444
438.9199850137001,0.6388888888888888
440.0451048413,0.6458333333333334
441.16883514629995,0.5833333333333334
442.29117592870006,0.6319444444444444
443.41212718850005,0.5833333333333334
444.53168892569994,0.5416666666666666
445.64986114030006,0.5208333333333334
446.76664383229996,0.5486111111111112
447.88203700169987,0.5902777777777778
448.9960406485001,0.5
450.10865477269994,0.5347222222222222
451.2198793743,0.5486111111111112
452.3297144533,0.5763888888888888
453.43816000969997,0.5694444444444444
454.5452160434999,0.6111111111111112
455.6508825547001,0.5763888888888888
456.75515954329995,0.6180555555555556
457.8580470092999,0.5833333333333334
458.9595449527,0.6180555555555556
460.0596533735,0.6319444444444444
461.1583722716999,0.6041666666666666
462.2557016473001,0.5694444444444444
463.3516415003,0.6041666666666666
464.4461918306999,0.625
465.5393526385,0.5763888888888888
466.63112392369993,0.4652777777777778
467.72150568629985,0.4444444444444444
468.8104979263,0.4652777777777778
469.89810064369993,0.5069444444444444
470.9843138384999,0.4791666666666667
472.06913751070005,0.4444444444444444
473.1525716603,0.4166666666666667
474.23461628729996,0.4236111111111111
475.31527139170004,0.5138888888888888
476.3945369735,0.5555555555555556
477.4724130326999,0.5833333333333334
478.5488995693001,0.4930555555555556
479.62399658329997,0.3888888888888889
480.69770407469986,0.4027777777777778
481.7700220435001,0.5208333333333334
482.8409504897,0.5902777777777778
483.9104894132999,0.6111111111111112
484.97863881430004,0.6388888888888888
486.04539869269996,0.6597222222222222
487.1107690484999,0.8055555555555556
488.17474988170005,0.8263888888888888
489.2373411923,0.7638888888888888
490.29854298029994,0.7569444444444444
491.3583552457,0.7777777777777778
492.4167779885,0.7708333333333334
493.47381120869994,0.875
494.52945490630003,0.8402777777777778
495.5837090812999,0.8680555555555556
496.6365737337001,0.8472222222222222
497.6880488635001,0.8888888888888888
498.7381344707,1.0138888888888888
499.7868305553001,0.9930555555555556
500.83413711730003,0.875
501.88005415669994,0.8680555555555556
502.9245816735001,0.875
503.9677196677,0.8541666666666666
505.00946813929994,0.8541666666666666
506.0498270883001,0.8541666666666666
507.08879651470005,0.8680555555555556
508.1263764185,0.9097222222222222
509.1625667997001,0.8958333333333334
510.19736765830004,0.8541666666666666
511.2307789942999,0.9166666666666666
512.2628008077002,0.8472222222222222
513.2934330985001,0.7986111111111112
514.3226758666999,0.7638888888888888
515.3505291123001,0.7916666666666666
516.3769928353001,0.9375
517.4020670356999,0.8472222222222222
518.4257517135002,0.7708333333333334
519.4480468687,0.7638888888888888
520.4689525013,0.8333333333333334
521.4884686113,0.8472222222222222
522.5065951987001,0.8263888888888888
523.5233322634999,0.7916666666666666
524.5386798057002,0.8194444444444444
525.5526378253,0.8055555555555556
526.5652063222999,0.8125
527.5763852967002,0.8125
528.5861747485001,0.9027777777777778
529.5945746776999,0.8333333333333334
530.6015850843,0.7222222222222222
531.6072059682999,0.6736111111111112
532.6114373297,0.8819444444444444
533.6142791685002,0.8888888888888888
534.6157314847001,0.8541666666666666
535.6157942783,0.8472222222222222
536.6144675493001,0.7986111111111112
537.6117512977,0.9097222222222222
538.6076455235,0.9583333333333334
539.6021502267001,0.8194444444444444
540.5952654073001,0.7986111111111112
541.5869910653,0.9097222222222222
542.5773272007002,1.0138888888888888
543.5662738135,0.9930555555555556
544.5538309036999,0.8541666666666666
545.5399984713001,0.7708333333333334
546.5247765163001,0.7777777777777778
547.5081650386999,0.8680555555555556
548.4901640385001,0.8680555555555556
549.4707735157001,0.7708333333333334
550.4499934702999,0.6875
551.4278239023001,0.6805555555555556
552.4042648116999,0.7986111111111112
553.3793161985,0.6805555555555556
554.3529780627,0.625
555.3252504043,0.6458333333333334
556.2961332232999,0.7152777777777778
557.2656265197002,0.6944444444444444
558.2337302935,0.7083333333333334
559.2004445446998,0.8055555555555556
560.1657692733002,0.7083333333333334
561.1297044793,0.6458333333333334
562.0922501626999,0.6666666666666666
563.0534063235,0.7152777777777778
564.0131729617001,0.7638888888888888
564.9715500773,0.7152777777777778
565.9285376703001,0.6319444444444444
566.8841357407,0.6041666666666666
567.8383442884999,0.5486111111111112
568.7911633137,0.5763888888888888
569.7425928163,0.625
570.6926327962999,0.5555555555555556
571.6412832537001,0.625
572.5885441885,0.5
573.5344156007,0.4513888888888889
574.4788974903001,0.4861111111111111
575.4219898573001,0.5277777777777778
576.3636927016998,0.5625
577.3040060235,0.6041666666666666
578.2429298227,0.6597222222222222
579.1804640993,0.5972222222222222
580.1166088533,0.625
581.0513640847,0.6944444444444444
581.9847297934998,0.7291666666666666
582.9167059797,0.7083333333333334
583.8472926433001,0.8125
584.7764897842999,0.7291666666666666
585.7042974027001,0.8333333333333334
586.6307154985,0.8819444444444444
587.5557440717002,0.8541666666666666
588.4793831223001,0.8333333333333334
589.4016326502999,0.8611111111111112
590.3224926557002,0.8958333333333334
591.2419631385001,0.8541666666666666
592.1600440986999,0.7777777777777778
593.0767355363,0.7986111111111112
593.9920374513001,0.8819444444444444
594.9059498437,0.7916666666666666
595.8184727135001,0.8263888888888888
596.7296060607,0.8680555555555556
597.6393498852999,0.9444444444444444
598.5477041873,0.8680555555555556
599.4546689667,0.8402777777777778
600.3602442234999,0.9305555555555556
601.2644299577,0.9305555555555556
602.1672261693,0.9097222222222222
603.0686328582999,0.9166666666666666
603.9686500247001,0.9791666666666666
604.8672776685,1.0
605.7645157897,1.0
606.6603643883002,0.9513888888888888
607.5548234643,0.8402777777777778
608.4478930176999,0.9236111111111112
609.3395730485001,0.8680555555555556
610.2298635567001,0.8125
611.1187645422999,0.7916666666666666
612.0062760053002,0.9444444444444444
612.8923979456999,0.9375
613.7771303635,0.875
614.6604732587002,0.9375
615.5424266313,0.8541666666666666
616.4229904812998,0.7916666666666666
617.3021648087001,0.8263888888888888
618.1799496135,0.8472222222222222
619.0563448957,0.8680555555555556
619.9313506553001,0.8194444444444444
620.8049668923,0.7638888888888888
621.6771936067,0.8194444444444444
622.5480307985001,0.7986111111111112
623.4174784677,0.7638888888888888
624.2855366142999,0.7361111111111112
625.1522052383002,0.7638888888888888
626.0174843397001,0.75
626.8813739185,0.7083333333333334
627.7438739747001,0.7361111111111112
628.6049845083,0.7013888888888888
629.4647055193,0.7222222222222222
630.3230370077001,0.6875
631.1799789735,0.6736111111111112
632.0355314167,0.75
632.8896943373002,0.75
633.7424677353001,0.7430555555555556
634.5938516107001,0.7291666666666666
635.4438459635,0.625
636.2924507937,0.6805555555555556
637.1396661013,0.7152777777777778
637.9854918863,0.6875
638.8299281487,0.6736111111111112
639.6729748885,0.6111111111111112
640.5146321057002,0.6180555555555556
641.3548998003,0.6736111111111112
642.1937779723,0.75
643.0312666217001,0.7430555555555556
643.8673657485001,0.6111111111111112
644.7020753526999,0.6180555555555556
645.5353954343002,0.6041666666666666
646.3673259933,0.625
647.1978670297001,0.6736111111111112
648.0270185435002,0.6319444444444444
648.8547805347,0.6180555555555556
649.6811530032999,0.7083333333333334
650.5061359493002,0.7083333333333334
651.3297293727001,0.6805555555555556
652.1519332734999,0.7569444444444444
652.9727476517,0.7291666666666666
653.7921725072999,0.6805555555555556
654.6102078402998,0.6388888888888888
655.4268536507,0.5833333333333334
656.2421099384999,0.5902777777777778
657.0559767037,0.6458333333333334
657.8684539463002,0.6180555555555556
658.6795416663001,0.6388888888888888
659.4892398637,0.7291666666666666
660.2975485385002,0.6805555555555556
661.1044676907,0.5555555555555556
661.9099973202999,0.5347222222222222
662.7141374273001,0.5833333333333334
663.5168880117001,0.5902777777777778
664.3182490735,0.5555555555555556
665.1182206127,0.5277777777777778
665.9168026293,0.5208333333333334
666.7139951233,0.5902777777777778
667.5097980947,0.5763888888888888
668.3042115435001,0.5347222222222222
669.0972354697001,0.4722222222222222
669.8888698733001,0.4930555555555556
670.6791147543001,0.5486111111111112
671.4679701127002,0.5972222222222222
672.2554359485,0.625
673.0415122617001,0.5416666666666666
673.8261990523001,0.5277777777777778
674.6094963203002,0.5
675.3914040657,0.6041666666666666
676.1719222885001,0.6111111111111112
676.9510509887,0.4583333333333333
677.7287901663001,0.4652777777777778
678.5051398213002,0.5277777777777778
679.2800999537001,0.6111111111111112
680.0536705635,0.5763888888888888
680.8258516507001,0.5277777777777778
681.5966432153,0.4652777777777778
682.3660452573001,0.5277777777777778
683.1340577767003,0.5486111111111112
683.9006807735002,0.5069444444444444
684.6659142476999,0.5694444444444444
685.4297581993001,0.4375
686.1922126283,0.5
686.9532775347,0.5208333333333334
687.7129529185002,0.7291666666666666
688.4712387797001,0.7569444444444444
689.2281351182999,0.6319444444444444
689.9836419343001,0.6666666666666666
690.7377592277,0.7083333333333334
691.4904869985,0.6388888888888888
692.2418252467003,0.6319444444444444
692.9917739723,0.6527777777777778
693.7403331753001,0.6736111111111112
694.4875028557001,0.5902777777777778
695.2332830135001,0.5486111111111112
695.9776736486999,0.5833333333333334
696.7206747613002,0.6111111111111112
697.4622863513,0.6180555555555556
698.2025084187001,0.7083333333333334
698.9413409635001,0.7361111111111112
699.6787839857,0.6597222222222222
700.4148374853,0.5902777777777778
701.1495014623001,0.6111111111111112
701.8827759167,0.6875
702.6146608484999,0.5902777777777778
703.3451562577002,0.5416666666666666
704.0742621443001,0.6597222222222222
704.8019785083,0.5625
705.5283053497001,0.5555555555555556
706.2532426685,0.4791666666666667
706.9767904646999,0.4375
707.6989487383,0.4236111111111111
708.4197174893,0.4236111111111111
709.1390967176999,0.4166666666666667
709.8570864235,0.375
710.5736866067,0.2708333333333333
711.2888972673,0.2916666666666667
712.0027184053001,0.3125
712.7151500207001,0.4513888888888889
713.4261921135001,0.5347222222222222
714.1358446837,0.5
714.8441077313,0.4791666666666667
715.5509812563,0.4236111111111111
716.2564652587,0.3611111111111111
716.9605597385,0.4375
717.6632646956998,0.4791666666666667
718.3645801303,0.375
719.0645060423001,0.3194444444444444
719.7630424317001,0.375
720.4601892985002,0.4375
721.1559466427,0.3958333333333333
721.8503144642998,0.4930555555555556
722.5432927633001,0.5208333333333334
723.2348815397002,0.5069444444444444
723.9250807934998,0.4791666666666667
724.6138905247001,0.4513888888888889
725.3013107333002,0.4444444444444444
725.9873414193,0.4861111111111111
726.6719825827001,0.4166666666666667
727.3552342235,0.3680555555555556
728.0370963416999,0.3472222222222222
728.7175689373,0.3888888888888889
729.3966520103002,0.4583333333333333
730.0743455607001,0.4097222222222222
730.7506495885002,0.375
731.4255640937001,0.3472222222222222
732.0990890762998,0.3680555555555556
732.7712245363002,0.3819444444444444
733.4419704736999,0.4375
734.1113268884999,0.3611111111111111
734.7792937807001,0.3611111111111111
735.4458711503,0.5069444444444444
736.1110589973002,0.625
736.7748573217002,0.4583333333333333
737.4372661235,0.3819444444444444
738.0982854027002,0.3611111111111111
738.7579151593002,0.3472222222222222
739.4161553933,0.5416666666666666
740.0730061047002,0.4583333333333333
740.7284672935,0.4861111111111111
741.3825389597,0.3472222222222222
742.0352211033003,0.4027777777777778
742.6865137243001,0.4305555555555556
743.3364168227001,0.5138888888888888
743.9849303985002,0.5
744.6320544517,0.4305555555555556
745.2777889822999,0.375
745.9221339903002,0.4097222222222222
746.5650894757002,0.4236111111111111
747.2066554384999,0.3472222222222222
747.8468318787002,0.3055555555555556
748.4856187963001,0.3194444444444444
749.1230161912999,0.3194444444444444
749.7590240637003,0.2986111111111111
750.3936424135002,0.3472222222222222
751.0268712406998,0.375
751.6587105453002,0.2986111111111111
752.2891603272999,0.375
752.9182205866998,0.3958333333333333
753.5458913235,0.5
754.1721725376999,0.4930555555555556
754.7970642293001,0.3819444444444444
755.4205663983,0.2569444444444444
756.0426790447002,0.2361111111111111
756.6634021684999,0.3611111111111111
757.2827357697001,0.4097222222222222
757.9006798482999,0.4236111111111111
758.5172344043001,0.4652777777777778
759.1323994377001,0.4097222222222222
759.7461749485001,0.3888888888888889
760.3585609366999,0.4513888888888889
760.9695574023001,0.4861111111111111
761.5791643453001,0.5
762.1873817656999,0.3194444444444444
762.7942096635002,0.3194444444444444
763.3996480387002,0.4375
764.0036968912998,0.5902777777777778
764.6063562213001,0.6319444444444444
765.2076260287001,0.4930555555555556
765.8075063135,0.4930555555555556
766.4059970757,0.5
767.0030983152999,0.4513888888888889
767.5988100323,0.5347222222222222
768.1931322267001,0.3541666666666667
768.7860648985,0.4027777777777778
769.3776080476998,0.4722222222222222
769.9677616743002,0.5069444444444444
770.5565257783,0.4652777777777778
771.1439003597,0.3125
771.7298854185001,0.375
772.3144809547,0.3888888888888889
772.8976869682999,0.4236111111111111
773.4795034593001,0.4097222222222222
774.0599304277,0.3472222222222222
774.6389678735,0.3402777777777778
775.2166157967001,0.3958333333333333
775.7928741973001,0.4375
776.3677430752998,0.5069444444444444
776.9412224307,0.3819444444444444
777.5133122635,0.375
778.0840125737,0.3680555555555556
778.6533233613002,0.2916666666666667
779.2212446263,0.2986111111111111
779.7877763687,0.2847222222222222
780.3529185885002,0.4166666666666667
780.9166712857,0.4722222222222222
781.4790344603,0.4652777777777778
782.0400081123,0.5347222222222222
782.5995922417001,0.5138888888888888
783.1577868484999,0.4027777777777778
783.7145919327002,0.3541666666666667
784.2700074943,0.4513888888888889
784.8240335333,0.4791666666666667
785.3766700497001,0.5069444444444444
785.9279170435,0.4444444444444444
786.4777745147001,0.4513888888888889
787.0262424632999,0.4861111111111111
787.5733208893,0.5069444444444444
788.1190097926999,0.5138888888888888
788.6633091735,0.5763888888888888
789.2062190316999,0.4583333333333333
789.7477393673,0.3888888888888889
790.2878701802999,0.3125
790.8266114707001,0.3958333333333333
791.3639632385,0.5138888888888888
791.8999254837001,0.3958333333333333
792.4344982063001,0.2638888888888889
792.9676814063002,0.25
793.4994750837002,0.3055555555555556
794.0298792384999,0.4791666666666667
794.5588938707001,0.4722222222222222
795.0865189803001,0.3402777777777778
795.6127545673,0.3680555555555556
796.1376006317003,0.4444444444444444
796.6610571735,0.3819444444444444
797.1831241927,0.3472222222222222
797.7038016893,0.4305555555555556
798.2230896633,0.4930555555555556
798.7409881147,0.4236111111111111
799.2574970435,0.3819444444444444
799.7726164497001,0.4583333333333333
800.2863463332999,0.375
800.7986866943002,0.3472222222222222
801.3096375327002,0.3680555555555556
801.8191988485,0.3472222222222222
802.3273706417001,0.3888888888888889
802.8341529123002,0.3611111111111111
803.3395456603,0.2708333333333333
803.8435488857001,0.1111111111111111
804.3461625885,0.1875
804.8473867687001,0.3125
805.3472214263002,0.4236111111111111
805.8456665613,0.4305555555555556
806.3427221736999,0.3472222222222222
806.8383882635001,0.2986111111111111
807.3326648307,0.3194444444444444
807.8255518753001,0.375
808.3170493973,0.3541666666666667
808.8071573967002,0.2638888888888889
809.2958758735001,0.3055555555555556
809.7832048277003,0.2777777777777778
810.2691442593,0.2847222222222222
810.7536941683,0.25
811.2368545547001,0.20833333333333334
811.7186254185001,0.2916666666666667
812.1990067597001,0.3611111111111111
812.6779985783003,0.3472222222222222
813.1556008743,0.3263888888888889
813.6318136477,0.3194444444444444
814.1066368985,0.19444444444444445
814.5800706267,0.2777777777777778
815.0521148322998,0.375
815.5227695153001,0.4513888888888889
815.9920346757001,0.375
816.4599103134999,0.3125
816.9263964287,0.25
817.3914930213,0.2986111111111111
817.8552000912998,0.3819444444444444
818.3175176387001,0.3194444444444444
818.7784456635002,0.3888888888888889
819.2379841657,0.3958333333333333
819.6961331453001,0.3958333333333333
820.1528926023,0.3958333333333333
820.6082625367001,0.3888888888888889
821.0622429484999,0.4444444444444444
821.5148338377,0.4305555555555556
821.9660352042999,0.3819444444444444
822.4158470483001,0.4930555555555556
822.8642693697,0.5
823.3113021685001,0.4652777777777778
823.7569454447,0.2708333333333333
824.2011991983002,0.3055555555555556
824.6440634293001,0.3541666666666667
825.0855381377,0.5555555555555556
825.5256233235,0.4444444444444444
825.9643189866999,0.3888888888888889
826.4016251273001,0.3194444444444444
826.8375417453001,0.25
827.2720688407001,0.2708333333333333
827.7052064135,0.2013888888888889
828.1369544637,0.2361111111111111
828.5673129913,0.3611111111111111
828.9962819963,0.3472222222222222
829.4238614787,0.3819444444444444
829.8500514384998,0.3472222222222222
830.2748518757,0.4583333333333333
830.6982627903001,0.4236111111111111
831.1202841822999,0.3194444444444444
831.5409160516999,0.3333333333333333
831.9601583985,0.4166666666666667
832.3780112226998,0.4236111111111111
832.7944745243001,0.3402777777777778
833.2095483033002,0.375
833.6232325597,0.3819444444444444
834.0355272935001,0.3958333333333333
834.4464325046999,0.3819444444444444
834.8559481933,0.5
835.2640743592999,0.4375
835.6708110027,0.3819444444444444
836.0761581235001,0.3125
836.4801157217,0.3888888888888889
836.8826837972999,0.4236111111111111
837.2838623503001,0.3541666666666667
837.6836513807,0.3541666666666667
838.0820508885001,0.3680555555555556
838.4790608737001,0.3472222222222222
838.8746813363002,0.3819444444444444
839.2689122763,0.3541666666666667
839.6617536936999,0.4722222222222222
840.0532055884998,0.4930555555555556
840.4432679607,0.4722222222222222
840.8319408103,0.5833333333333334
841.2192241373002,0.5555555555555556
841.6051179417,0.3819444444444444
841.9896222235,0.375
842.3727369827,0.4513888888888889
842.7544622193002,0.5208333333333334
843.1347979333002,0.5625
843.5137441247,0.4444444444444444
843.8913007935,0.4027777777777778
844.2674679396998,0.4375
844.6422455632999,0.3611111111111111
845.0156336643001,0.3472222222222222
845.3876322427002,0.3888888888888889
845.7582412985,0.3958333333333333
846.1274608317001,0.375
846.4952908422999,0.3541666666666667
846.8617313302998,0.4166666666666667
847.2267822957003,0.4930555555555556
847.5904437385,0.4375
847.9527156587001,0.4652777777777778
848.3135980563,0.4166666666666667
848.6730909312998,0.4583333333333333
849.0311942837,0.6111111111111112
849.3879081135003,0.5138888888888888
849.7432324207,0.5208333333333334
850.0971672052999,0.5416666666666666
850.4497124673001,0.4513888888888889
850.8008682067,0.5694444444444444
851.1506344234997,0.6041666666666666
851.4990111177001,0.625
851.8459982893003,0.4722222222222222
852.1915959383,0.4166666666666667
852.5358040647,0.5138888888888888
852.8786226684999,0.5625
853.2200517497001,0.5
853.5600913083001,0.4583333333333333
853.8987413443001,0.375
854.2360018576999,0.3819444444444444
854.5718728485001,0.4027777777777778
854.9063543166999,0.375
855.2394462623004,0.3333333333333333
855.5711486853002,0.5277777777777778
855.9014615857002,0.5138888888888888
856.2303849635,0.4236111111111111
856.5579188187,0.4375
856.8840631512999,0.3888888888888889
857.2088179613004,0.4097222222222222
857.5321832487002,0.4444444444444444
857.8541590135001,0.4027777777777778
858.1747452556999,0.4166666666666667
858.4939419752998,0.375
858.8117491722999,0.4791666666666667
859.1281668467002,0.4861111111111111
859.4431949985003,0.4375
859.7568336277002,0.3888888888888889
860.0690827342999,0.4097222222222222
860.3799423183,0.5069444444444444
860.6894123796999,0.5416666666666666
860.9974929185003,0.6875
861.3041839347002,0.5763888888888888
861.6094854283001,0.4930555555555556
861.9133973993,0.4722222222222222
862.2159198477,0.4791666666666667
862.5170527734997,0.3888888888888889
862.8167961767001,0.3402777777777778
863.1151500573003,0.375
863.4121144153,0.3888888888888889
863.7076892507,0.4444444444444444
864.0018745635,0.4930555555555556
864.2946703536998,0.6388888888888888
864.5860766213002,0.5972222222222222
864.8760933663,0.5069444444444444
865.1647205887,0.5208333333333334
865.4519582885,0.5347222222222222
865.7378064656998,0.6527777777777778
866.0222651202998,0.6736111111111112
866.3053342523001,0.7222222222222222
866.5870138617001,0.6875
866.8673039485,0.6111111111111112
867.1462045127,0.6875
867.4237155542999,0.7083333333333334
867.6998370732997,0.6944444444444444
867.9745690697002,0.7083333333333334
868.2479115435001,0.625
868.5198644947002,0.4861111111111111
868.7904279233001,0.4861111111111111
869.0596018292999,0.7638888888888888
869.3273862126998,0.75
869.5937810735002,0.6458333333333334
869.8587864117001,0.4791666666666667
870.1224022273002,0.4166666666666667
870.3846285203001,0.4236111111111111
870.6454652906998,0.4097222222222222
870.9049125384997,0.5486111111111112
871.1629702637003,0.4444444444444444
871.4196384663003,0.3888888888888889
871.6749171463,0.4583333333333333
871.9288063037,0.5277777777777778
872.1813059384999,0.5208333333333334
872.4324160506997,0.4513888888888889
872.6821366403003,0.4166666666666667
872.9304677073001,0.3680555555555556
873.1774092517,0.4652777777777778
873.4229612735,0.4861111111111111
873.6671237726998,0.3819444444444444
873.9098967492998,0.3472222222222222
874.1512802033001,0.3333333333333333
874.3912741347001,0.3125
874.6298785434999,0.3472222222222222
874.8670934296999,0.5625
875.1029187932998,0.4583333333333333
875.3373546342998,0.24305555555555555
875.5704009527001,0.3055555555555556
875.8020577485001,0.2638888888888889
876.0323250217,0.3333333333333333
876.2612027723001,0.3888888888888889
876.4886910002999,0.3541666666666667
876.7147897056998,0.2569444444444444
876.9394988885003,0.125
877.1628185487,0.1875
877.3847486862999,0.375
877.6052893013,0.4861111111111111
877.8244403936999,0.3055555555555556
878.0422019634998,0.2986111111111111
878.2585740107002,0.2638888888888889
878.4735565353001,0.3680555555555556
878.6871495373,0.4305555555555556
878.8993530166999,0.3611111111111111
879.1101669734999,0.2986111111111111
879.3195914077003,0.3055555555555556
879.5276263193002,0.3819444444444444
879.7342717083002,0.3333333333333333
879.9395275746999,0.2916666666666667
880.1433939184999,0.22916666666666666
880.3458707396999,0.3402777777777778
880.5469580383003,0.375
880.7466558143001,0.3541666666666667
880.9449640677001,0.3333333333333333
881.1418827985001,0.2916666666666667
881.3374120066999,0.3194444444444444
881.5315516922999,0.2777777777777778
881.7243018553002,0.4930555555555556
881.9156624957002,0.5763888888888888
882.1056336135,0.3680555555555556
882.2942152087,0.3541666666666667
882.4814072812999,0.4652777777777778
882.6672098312999,0.4791666666666667
882.8516228587002,0.5138888888888888
883.0346463635001,0.5069444444444444
883.2162803457002,0.4791666666666667
883.3965248053,0.4791666666666667
883.5753797422999,0.5069444444444444
883.7528451566998,0.5208333333333334
883.9289210485001,0.5138888888888888
884.1036074177002,0.4513888888888889
884.2769042643001,0.5138888888888888
884.4488115883,0.4583333333333333
884.6193293896999,0.4444444444444444
884.7884576684999,0.5138888888888888
884.9561964247002,0.4722222222222222
885.1225456583002,0.5555555555555556
885.2875053693001,0.625
885.4510755577,0.5625
885.6132562235,0.4791666666666667
885.7740473666997,0.4930555555555556
885.9334489873002,0.5833333333333334
886.0914610853001,0.6388888888888888
886.2480836607001,0.6666666666666666
886.4033167135001,0.6319444444444444
886.5571602436999,0.5902777777777778
886.7096142512999,0.6875
886.8606787363003,0.7222222222222222
887.0103536987001,0.6597222222222222
887.1586391385001,0.5833333333333334
887.3055350556999,0.5694444444444444
887.4510414503,0.5069444444444444
887.5951583222998,0.6805555555555556
887.7378856717003,0.6597222222222222
887.8792234985001,0.6875
888.0191718027002,0.6597222222222222
888.1577305843,0.6527777777777778
888.2948998432998,0.7152777777777778
888.4306795796999,0.7916666666666666
888.5650697935002,0.6041666666666666
888.6980704847001,0.5833333333333334
888.8296816533,0.4930555555555556
888.9599032992999,0.5208333333333334
889.0887354227,0.7013888888888888
889.2161780234999,0.7916666666666666
889.3422311017002,0.7430555555555556
889.4668946573001,0.6180555555555556
889.5901686903001,0.6944444444444444
889.7120532007,0.75
889.8325481884999,0.7777777777777778
889.9516536536999,0.7152777777777778
